,gene_type,Unkonwn-180-T01.bam,Unkonwn-180-T02.bam,Unkonwn-180-T03.bam,Unkonwn-180-T04.bam,Unkonwn-180-T05.bam,Unkonwn-180-T06.bam,Unkonwn-180-T07.bam,Unkonwn-180-T08.bam,Unkonwn-180-T09.bam,Unkonwn-180-T11.bam,Unkonwn-180-T12.bam,Unkonwn-180-T13.bam,Unkonwn-180-T14.bam,Unkonwn-180-T15.bam,Unkonwn-180-T17.bam,Unkonwn-180-T18.bam,Unkonwn-180-T19.bam,Unkonwn-180-T20.bam,Unkonwn-180-T21.bam,Unkonwn-180-T23.bam,Unkonwn-180-T24.bam,Unkonwn-180-T25.bam,Unkonwn-180-T26.bam,Unkonwn-180-T27.bam,Unkonwn-180-T28.bam,Unkonwn-180-T29.bam,Unkonwn-180-T30.bam,Unkonwn-180-T31.bam,Unkonwn-180-T33.bam,Unkonwn-180-T34.bam,Unkonwn-180-T35.bam,Unkonwn-180-T36.bam,Unkonwn-180-T37.bam,Unkonwn-180-T39.bam,Unkonwn-180-T40.bam,Unkonwn-180-T41.bam,Unkonwn-180-T42.bam,Unkonwn-180-T45.bam,Unkonwn-180-T46.bam,Unkonwn-180-T47.bam,Unkonwn-180-T48.bam,merge_Sample_Pan_C-E2_mapping.bam,merge_Sample_Pan_C-E1_mapping.bam,merge_Sample_Pan_C-D4_mapping.bam,merge_Sample_Pan_C-D3_mapping.bam,merge_Sample_Pan_C-G12_mapping.bam,merge_Sample_Pan_C-F9_mapping.bam,merge_Sample_Pan_C-F5_mapping.bam,merge_Sample_Pan_C-F10_mapping.bam,merge_Sample_Pan_C-E6_mapping.bam,merge_Sample_Pan_C-C3_mapping.bam,merge_Sample_Pan_C-G8_mapping.bam,merge_Sample_Pan_C-G7_mapping.bam,merge_Sample_Pan_C-B9_mapping.bam,merge_Sample_Pan_C-H4_mapping.bam,merge_Sample_Pan_C-H3_mapping.bam,merge_Sample_Pan_C-B1_mapping.bam,merge_Sample_Pan_C-A6_mapping.bam,merge_Sample_Pan_C-A5_mapping.bam,merge_Sample_Pan_C-A2_mapping.bam,merge_Sample_Pan_C-A10_mapping.bam,merge_Sample_Pan_C-D8_mapping.bam,merge_Sample_Pan_C-H8_mapping.bam,merge_Sample_Pan_C-H7_mapping.bam,merge_Sample_Pan_C-H12_mapping.bam,merge_Sample_Pan_C-H11_mapping.bam,merge_Sample_Pan_C-G4_mapping.bam,merge_Sample_Pan_C-G3_mapping.bam,merge_Sample_Pan_C-G11_mapping.bam,merge_Sample_Pan_C-F6_mapping.bam,merge_Sample_Pan_C-F2_mapping.bam,merge_Sample_Pan_C-F1_mapping.bam,merge_Sample_Pan_C-E9_mapping.bam,merge_Sample_Pan_C-E5_mapping.bam,merge_Sample_Pan_C-E10_mapping.bam,merge_Sample_Pan_C-A9_mapping.bam,merge_Sample_Pan_C-B10_mapping.bam,merge_Sample_Pan_C-B2_mapping.bam,merge_Sample_Pan_C-B5_mapping.bam,merge_Sample_Pan_C-B6_mapping.bam,merge_Sample_Pan_C-C11_mapping.bam,merge_Sample_Pan_C-C12_mapping.bam,merge_Sample_Pan_C-C4_mapping.bam,merge_Sample_Pan_C-C7_mapping.bam,merge_Sample_Pan_C-C8_mapping.bam,merge_Sample_Pan_C-D11_mapping.bam,merge_Sample_Pan_C-D12_mapping.bam,merge_Sample_Pan_C-D7_mapping.bam,merge_Sample_Pan_C-E11_mapping.bam,merge_Sample_Pan_C-E8_mapping.bam,merge_Sample_Pan_C-D2_mapping.bam,merge_Sample_Pan_C-G5_mapping.bam,merge_Sample_Pan_C-F7_mapping.bam,merge_Sample_Pan_C-F3_mapping.bam,merge_Sample_Pan_C-C5_mapping.bam,merge_Sample_Pan_C-C2_mapping.bam,merge_Sample_Pan_C-G6_mapping.bam,merge_Sample_Pan_C-C1_mapping.bam,merge_Sample_Pan_C-G9_mapping.bam,merge_Sample_Pan_C-B7_mapping.bam,merge_Sample_Pan_C-B3_mapping.bam,merge_Sample_Pan_C-B11_mapping.bam,merge_Sample_Pan_C-A8_mapping.bam,merge_Sample_Pan_C-A4_mapping.bam,merge_Sample_Pan_C-G1_mapping.bam,merge_Sample_Pan_C-H6_mapping.bam,merge_Sample_Pan_C-H5_mapping.bam,merge_Sample_Pan_C-H10_mapping.bam,merge_Sample_Pan_C-H1_mapping.bam,merge_Sample_Pan_C-G2_mapping.bam,merge_Sample_Pan_C-G10_mapping.bam,merge_Sample_Pan_C-F12_mapping.bam,merge_Sample_Pan_C-F11_mapping.bam,merge_Sample_Pan_C-E7_mapping.bam,merge_Sample_Pan_C-E4_mapping.bam,merge_Sample_Pan_C-E3_mapping.bam,merge_Sample_Pan_C-E12_mapping.bam,merge_Sample_Pan_C-D9_mapping.bam,merge_Sample_Pan_C-D6_mapping.bam,merge_Sample_Pan_C-H9_mapping.bam,merge_Sample_Pan_C-F8_mapping.bam,merge_Sample_Pan_C-A11_mapping.bam,merge_Sample_Pan_C-A12_mapping.bam,merge_Sample_Pan_C-A3_mapping.bam,merge_Sample_Pan_C-A7_mapping.bam,merge_Sample_Pan_C-B12_mapping.bam,merge_Sample_Pan_C-B4_mapping.bam,merge_Sample_Pan_C-B8_mapping.bam,merge_Sample_Pan_C-C6_mapping.bam,merge_Sample_Pan_C-C9_mapping.bam,merge_Sample_Pan_C-D1_mapping.bam,merge_Sample_Pan_C-D10_mapping.bam,merge_Sample_Pan_C-D5_mapping.bam,Sample_Pan_B-C01_mapping.bam,Sample_Pan_B-C02_mapping.bam,Sample_Pan_B-C03_mapping.bam,Sample_Pan_B-C04_mapping.bam,Sample_Pan_B-C05_mapping.bam,Sample_Pan_B-C06_mapping.bam,Sample_Pan_B-C07_mapping.bam,Sample_Pan_B-C09_mapping.bam,Sample_Pan_B-C10_mapping.bam,Sample_Pan_B-C11_mapping.bam,Sample_Pan_B-C12_mapping.bam,Sample_Pan_B-C14_mapping.bam,Sample_Pan_B-C15_mapping.bam,Sample_Pan_B-C16_mapping.bam,Sample_Pan_B-C17_mapping.bam,Sample_Pan_B-C18_mapping.bam,Sample_Pan_B-C19_mapping.bam,Sample_Pan_B-C20_mapping.bam,Sample_Pan_B-C21_mapping.bam,Sample_Pan_B-C22_mapping.bam,Sample_Pan_B-C23_mapping.bam,Sample_Pan_B-C24_mapping.bam,Sample_Pan_B-C25_mapping.bam,Sample_Pan_B-C26_mapping.bam,Sample_Pan_B-C27_mapping.bam,Sample_Pan_B-C28_mapping.bam,Sample_Pan_B-C29_mapping.bam,Sample_Pan_B-C30_mapping.bam,Sample_Pan_B-C31_mapping.bam,Sample_Pan_B-C32_mapping.bam,Sample_Pan_B-C33_mapping.bam,Sample_Pan_B-C34_mapping.bam,Sample_Pan_B-C35_mapping.bam,Sample_Pan_B-C36_mapping.bam,Sample_Pan_B-C37_mapping.bam,Sample_Pan_B-C38_mapping.bam,Sample_Pan_B-C39_mapping.bam,Sample_Pan_B-C40_mapping.bam,Sample_Pan_B-C41_mapping.bam,Sample_Pan_B-C42_mapping.bam,Sample_Pan_B-C43_mapping.bam,Sample_Pan_B-C44_mapping.bam,Sample_Pan_B-C45_mapping.bam,Sample_Pan_B-C46_mapping.bam,Sample_Pan_B-C47_mapping.bam,Sample_Pan_B-C48_mapping.bam,Sample_Pan_B-C49_mapping.bam,Sample_Pan_B-C50_mapping.bam,Sample_Pan_B-C51_mapping.bam,Sample_Pan_B-C52_mapping.bam,Sample_Pan_B-C53_mapping.bam,Sample_Pan_B-C54_mapping.bam,Sample_Pan_B-C55_mapping.bam,Sample_Pan_B-C56_mapping.bam,Sample_Pan_B-C57_mapping.bam,Sample_Pan_B-C58_mapping.bam,Sample_Pan_B-C59_mapping.bam,Sample_Pan_B-C60_mapping.bam,Sample_Pan_B-C61_mapping.bam,Sample_Pan_B-C62_mapping.bam,Sample_Pan_B-C63_mapping.bam,Sample_Pan_B-C64_mapping.bam,Sample_Pan_B-C65_mapping.bam,Sample_Pan_B-C67_mapping.bam,Sample_Pan_B-C68_mapping.bam,Sample_Pan_B-C69_mapping.bam,Sample_Pan_B-C70_mapping.bam,Sample_Pan_B-C71_mapping.bam,Sample_Pan_B-C73_mapping.bam,Sample_Pan_B-C74_mapping.bam,Sample_Pan_B-C75_mapping.bam,Sample_Pan_B-C76_mapping.bam,Sample_Pan_B-C77_mapping.bam,Sample_Pan_B-C78_mapping.bam,Sample_Pan_B-C79_mapping.bam,Sample_Pan_B-C80_mapping.bam,Sample_Pan_B-C81_mapping.bam,Sample_Pan_B-C82_mapping.bam,Sample_Pan_B-C83_mapping.bam,Sample_Pan_B-C84_mapping.bam,Sample_Pan_B-C85_mapping.bam,Sample_Pan_B-C86_mapping.bam,Sample_Pan_B-C87_mapping.bam,Sample_Pan_B-C88_mapping.bam,Sample_Pan_B-C89_mapping.bam,Sample_Pan_B-C90_mapping.bam,Sample_Pan_B-C91_mapping.bam,Sample_Pan_B-C92_mapping.bam,Sample_Pan_B-C93_mapping.bam
0,IG_C_gene,0.0000%,0.0000%,0.0000%,0.0000%,0.0000%,0.0000%,0.0000%,0.0000%,0.0000%,0.0000%,0.0000%,0.0000%,0.0000%,0.0000%,0.0000%,0.0000%,0.0000%,0.0000%,0.0001%,0.0000%,0.0000%,0.0000%,0.0000%,0.0000%,0.0000%,0.0000%,0.0000%,0.0000%,0.0000%,0.0000%,0.0000%,0.0000%,0.0000%,0.0000%,0.0000%,0.0000%,0.0000%,0.0000%,0.0000%,0.0000%,0.0000%,0.0000%,0.0000%,0.0000%,0.0000%,0.0000%,0.0000%,0.0000%,0.0000%,0.0000%,0.0000%,0.0000%,0.0000%,0.0000%,0.0000%,0.0000%,0.0000%,0.0000%,0.0003%,0.0000%,0.0000%,0.0000%,0.0000%,0.0000%,0.0000%,0.0000%,0.0000%,0.0000%,0.0004%,0.0000%,0.0000%,0.0000%,0.0015%,0.0000%,0.0000%,0.0011%,0.0008%,0.0000%,0.0005%,0.0000%,0.0000%,0.0000%,0.0000%,0.0000%,0.0000%,0.0000%,0.0000%,0.0016%,0.0000%,0.0000%,0.0000%,0.0000%,0.0000%,0.0000%,0.0000%,0.0000%,0.0001%,0.0000%,0.0006%,0.0007%,0.0000%,0.0012%,0.0000%,0.0000%,0.0000%,0.0000%,0.0000%,0.0011%,0.0000%,0.0000%,0.0007%,0.0000%,0.0000%,0.0000%,0.0000%,0.0000%,0.0000%,0.0000%,0.0000%,0.0000%,0.0000%,0.0000%,0.0000%,0.0000%,0.0000%,0.0000%,0.0000%,0.0000%,0.0000%,0.0000%,0.0000%,0.0000%,0.0000%,0.0000%,0.0000%,0.0000%,0.0000%,0.0000%,0.0000%,0.0000%,0.0000%,0.0000%,0.0000%,0.0000%,0.0000%,0.0000%,0.0000%,0.0000%,0.0000%,0.0000%,0.0000%,0.0000%,0.0000%,0.0000%,0.0000%,0.0000%,0.0000%,0.0000%,0.0000%,0.0000%,0.0000%,0.0000%,0.0000%,0.0000%,0.0000%,0.0000%,0.0000%,0.0000%,0.0000%,0.0000%,0.0000%,0.0000%,0.0000%,0.0000%,0.0000%,0.0000%,0.0000%,0.0000%,0.0000%,0.0000%,0.0000%,0.0000%,0.0000%,0.0000%,0.0000%,0.0000%,0.0000%,0.0000%,0.0000%,0.0000%,0.0000%,0.0000%,0.0000%,0.0000%,0.0000%,0.0000%,0.0000%,0.0000%,0.0000%,0.0000%,0.0000%,0.0000%,0.0000%,0.0000%,0.0000%,0.0000%,0.0000%,0.0000%,0.0000%,0.0000%,0.0000%,0.0000%,0.0000%,0.0000%,0.0000%,0.0000%,0.0000%,0.0000%,0.0000%,0.0000%,0.0000%,0.0000%
1,IG_V_gene,0.0005%,0.0003%,0.0011%,0.0006%,0.0003%,0.0002%,0.0000%,0.0012%,0.0014%,0.0012%,0.0002%,0.0000%,0.0000%,0.0000%,0.0001%,0.0000%,0.0009%,0.0007%,0.0000%,0.0001%,0.0000%,0.0017%,0.0010%,0.0001%,0.0001%,0.0000%,0.0002%,0.0001%,0.0000%,0.0006%,0.0008%,0.0000%,0.0000%,0.0010%,0.0000%,0.0000%,0.0000%,0.0003%,0.0002%,0.0017%,0.0000%,0.0000%,0.0000%,0.0002%,0.0000%,0.0001%,0.0000%,0.0002%,0.0000%,0.0008%,0.0000%,0.0008%,0.0000%,0.0000%,0.0011%,0.0005%,0.0002%,0.0010%,0.0000%,0.0000%,0.0000%,0.0000%,0.0002%,0.0000%,0.0000%,0.0021%,0.0000%,0.0009%,0.0002%,0.0018%,0.0000%,0.0000%,0.0007%,0.0006%,0.0012%,0.0004%,0.0012%,0.0000%,0.0000%,0.0029%,0.0000%,0.0021%,0.0000%,0.0000%,0.0011%,0.0000%,0.0000%,0.0006%,0.0002%,0.0000%,0.0008%,0.0000%,0.0011%,0.0000%,0.0012%,0.0002%,0.0000%,0.0001%,0.0000%,0.0000%,0.0000%,0.0003%,0.0000%,0.0000%,0.0000%,0.0000%,0.0001%,0.0005%,0.0014%,0.0017%,0.0000%,0.0000%,0.0002%,0.0000%,0.0006%,0.0000%,0.0000%,0.0000%,0.0000%,0.0006%,0.0000%,0.0000%,0.0002%,0.0000%,0.0000%,0.0000%,0.0004%,0.0000%,0.0000%,0.0005%,0.0000%,0.0007%,0.0015%,0.0003%,0.0000%,0.0000%,0.0008%,0.0009%,0.0000%,0.0000%,0.0017%,0.0013%,0.0002%,0.0004%,0.0000%,0.0004%,0.0007%,0.0009%,0.0000%,0.0000%,0.0005%,0.0000%,0.0009%,0.0000%,0.0000%,0.0000%,0.0000%,0.0012%,0.0011%,0.0000%,0.0000%,0.0000%,0.0004%,0.0000%,0.0002%,0.0014%,0.0009%,0.0000%,0.0000%,0.0000%,0.0000%,0.0004%,0.0000%,0.0000%,0.0010%,0.0000%,0.0003%,0.0001%,0.0000%,0.0000%,0.0019%,0.0000%,0.0000%,0.0000%,0.0000%,0.0000%,0.0000%,0.0003%,0.0000%,0.0000%,0.0018%,0.0000%,0.0002%,0.0005%,0.0005%,0.0000%,0.0004%,0.0000%,0.0016%,0.0000%,0.0000%,0.0000%,0.0005%,0.0000%,0.0000%,0.0016%,0.0000%,0.0000%,0.0000%,0.0000%,0.0000%,0.0000%,0.0000%,0.0000%,0.0010%,0.0000%,0.0000%,0.0000%,0.0000%,0.0006%,0.0008%,0.0018%
2,Mt_rRNA,4.3647%,3.7879%,4.3159%,3.9968%,4.5860%,4.2303%,3.5865%,4.2923%,4.8665%,4.6532%,4.6684%,4.4038%,4.3041%,3.7262%,5.3715%,4.7818%,4.5742%,4.6924%,5.0283%,3.9866%,4.1490%,4.9505%,3.6483%,4.1376%,3.8637%,3.7493%,5.2810%,4.5270%,3.6569%,4.7429%,3.7543%,1.8126%,4.4319%,4.3050%,3.3186%,3.3027%,4.2938%,4.2838%,4.7288%,4.5488%,3.2014%,8.6964%,7.6945%,11.6630%,7.9301%,7.4858%,5.0886%,9.4462%,7.0750%,8.6348%,12.0119%,11.7803%,8.0928%,8.5518%,8.6494%,11.5677%,9.6497%,6.5822%,6.1466%,9.6494%,8.7657%,6.1260%,7.1440%,6.1632%,30.6854%,3.7218%,7.3622%,15.2038%,7.6355%,7.4704%,5.8205%,4.0144%,7.1993%,9.7367%,6.5144%,5.8093%,11.6492%,8.9036%,11.2512%,13.4241%,10.6959%,7.9726%,7.0895%,9.6861%,6.4762%,7.3654%,5.7514%,7.8535%,8.4310%,3.6455%,7.9615%,7.3669%,6.6078%,3.9312%,11.2586%,9.6981%,9.8439%,10.2437%,8.4450%,7.1390%,6.6053%,10.6337%,9.4245%,8.0389%,12.9040%,9.8888%,5.9893%,9.9613%,8.8742%,5.5449%,9.1632%,5.8511%,6.8907%,9.3502%,8.5972%,11.2896%,5.6041%,14.2683%,1.5608%,5.4467%,7.4455%,7.3902%,9.9198%,7.1958%,6.3339%,7.9077%,8.7858%,10.8378%,7.6237%,9.6576%,7.7164%,7.3801%,7.3567%,7.8487%,6.9557%,5.7267%,8.7060%,6.1791%,8.9639%,10.7487%,8.2020%,7.3439%,4.2505%,7.9117%,5.2176%,8.0123%,6.8326%,10.6939%,6.5404%,7.3840%,5.2514%,7.1868%,4.3510%,6.8064%,3.6791%,6.1319%,6.2427%,7.5851%,8.0625%,7.1530%,7.5716%,4.6545%,6.0166%,7.1054%,4.4659%,8.0965%,8.0478%,7.2597%,6.2513%,7.1794%,6.4905%,6.7287%,4.9688%,4.8818%,5.1843%,4.1993%,6.5937%,7.7973%,4.4487%,4.6399%,7.4651%,8.0689%,6.2249%,2.3206%,6.9122%,7.8688%,7.8532%,6.5870%,6.8665%,4.6295%,4.7462%,6.3212%,6.2570%,6.3755%,7.5924%,5.3481%,4.9766%,6.9629%,3.9774%,3.8950%,4.6907%,6.1568%,6.7774%,2.2391%,6.5126%,7.6624%,6.5054%,5.7861%,4.0557%,9.0882%,4.6736%,12.3927%,5.6862%,10.0687%,7.3222%,6.6707%,6.3130%,4.9895%,8.8568%,7.7049%,7.5996%,7.7131%
3,Mt_tRNA,0.0211%,0.0168%,0.0174%,0.0240%,0.0234%,0.0234%,0.0232%,0.0189%,0.0245%,0.0134%,0.0175%,0.0223%,0.0245%,0.0146%,0.0207%,0.0238%,0.0169%,0.0177%,0.0238%,0.0130%,0.0197%,0.0216%,0.0134%,0.0217%,0.0166%,0.0172%,0.0202%,0.0184%,0.0190%,0.0182%,0.0130%,0.0237%,0.0189%,0.0230%,0.0130%,0.0124%,0.0241%,0.0193%,0.0299%,0.0241%,0.0130%,0.0050%,0.0094%,0.0130%,0.0077%,0.0085%,0.0059%,0.0100%,0.0074%,0.0079%,0.0068%,0.0075%,0.0099%,0.0070%,0.0060%,0.0079%,0.0083%,0.0056%,0.0082%,0.0115%,0.0110%,0.0078%,0.0061%,0.0053%,0.0000%,0.0098%,0.0183%,0.0156%,0.0051%,0.0069%,0.0103%,0.0184%,0.0066%,0.0072%,0.0088%,0.0065%,0.0104%,0.0089%,0.0050%,0.0075%,0.0076%,0.0066%,0.0135%,0.0011%,0.0079%,0.0055%,0.0083%,0.0058%,0.0064%,0.0022%,0.0034%,0.0067%,0.0085%,0.0199%,0.0077%,0.0107%,0.0101%,0.0099%,0.0058%,0.0098%,0.0064%,0.0098%,0.0092%,0.0095%,0.0055%,0.0095%,0.0078%,0.0102%,0.0089%,0.0043%,0.0091%,0.0093%,0.0061%,0.0088%,0.0061%,0.0000%,0.0053%,0.0028%,0.0030%,0.0030%,0.0077%,0.0107%,0.0077%,0.0078%,0.0070%,0.0104%,0.0111%,0.0107%,0.0056%,0.0063%,0.0066%,0.0073%,0.0037%,0.0058%,0.0106%,0.0034%,0.0073%,0.0085%,0.0105%,0.0124%,0.0078%,0.0088%,0.0036%,0.0059%,0.0043%,0.0068%,0.0056%,0.0092%,0.0041%,0.0071%,0.0034%,0.0050%,0.0042%,0.0061%,0.0057%,0.0016%,0.0067%,0.0049%,0.0048%,0.0042%,0.0042%,0.0019%,0.0080%,0.0066%,0.0060%,0.0097%,0.0078%,0.0044%,0.0042%,0.0055%,0.0040%,0.0047%,0.0092%,0.0039%,0.0032%,0.0056%,0.0084%,0.0095%,0.0078%,0.0059%,0.0050%,0.0087%,0.0048%,0.0000%,0.0071%,0.0093%,0.0071%,0.0066%,0.0124%,0.0070%,0.0099%,0.0059%,0.0065%,0.0082%,0.0111%,0.0011%,0.0099%,0.0045%,0.0099%,0.0029%,0.0046%,0.0054%,0.0102%,0.0031%,0.0057%,0.0041%,0.0049%,0.0084%,0.0055%,0.0099%,0.0047%,0.0059%,0.0015%,0.0055%,0.0031%,0.0073%,0.0041%,0.0028%,0.0039%,0.0074%,0.0050%,0.0098%
4,TEC,0.0256%,0.0310%,0.0337%,0.0154%,0.0410%,0.0459%,0.0249%,0.0181%,0.0206%,0.0571%,0.0230%,0.0231%,0.0394%,0.0269%,0.0356%,0.0272%,0.0326%,0.0248%,0.0174%,0.0271%,0.0370%,0.0487%,0.0271%,0.0253%,0.0140%,0.0259%,0.0248%,0.0247%,0.0200%,0.0254%,0.0275%,0.0239%,0.0177%,0.0487%,0.0243%,0.0370%,0.0218%,0.0237%,0.0250%,0.0241%,0.0349%,0.0377%,0.1170%,0.0582%,0.1575%,0.0629%,0.0247%,0.0283%,0.0666%,0.0665%,0.0235%,0.0510%,0.0766%,0.0244%,0.0359%,0.0367%,0.0322%,0.0713%,0.0342%,0.0407%,0.0387%,0.0423%,0.0383%,0.1069%,1.1901%,0.0738%,0.0323%,0.0672%,0.0448%,0.0696%,0.0368%,0.0368%,0.0678%,0.0424%,0.0851%,0.1429%,0.0418%,0.0979%,0.0243%,0.0526%,0.0459%,0.1864%,0.0347%,0.2897%,0.0475%,0.0518%,0.1088%,0.0520%,0.0613%,0.0885%,0.0316%,0.0629%,0.0500%,0.0748%,0.0495%,0.0582%,0.0512%,0.0334%,0.0463%,0.0530%,0.0368%,0.0373%,0.1114%,0.0308%,0.1701%,0.0340%,0.0290%,0.0593%,0.0401%,0.0354%,0.0442%,0.0319%,0.0573%,0.0641%,0.0355%,0.6260%,0.1073%,0.2846%,0.0407%,0.0293%,0.0422%,0.0516%,0.0468%,0.0927%,0.0353%,0.0501%,0.0568%,0.0281%,0.0396%,0.0279%,0.0198%,0.0446%,0.1000%,0.0542%,0.0377%,0.0329%,0.0684%,0.0362%,0.0676%,0.0549%,0.0687%,0.0328%,0.0368%,0.0301%,0.0520%,0.0428%,0.0276%,0.0387%,0.0601%,0.0281%,0.0358%,0.0375%,0.0378%,0.0580%,0.0403%,0.0291%,0.0368%,0.0584%,0.0696%,0.0663%,0.0315%,0.0324%,0.0470%,0.0770%,0.0453%,0.0532%,0.0361%,0.0359%,0.0278%,0.0428%,0.0367%,0.0291%,0.0792%,0.0336%,0.0300%,0.0359%,0.0291%,0.0544%,0.0257%,0.0743%,0.0481%,0.0985%,0.1001%,0.0270%,0.0510%,0.0213%,0.0504%,0.0411%,0.0281%,0.0464%,0.0617%,0.0301%,0.0294%,0.0613%,0.0337%,0.0167%,0.0457%,0.0392%,0.0654%,0.0519%,0.1370%,0.0406%,0.0445%,0.0405%,0.0503%,0.0439%,0.0567%,0.0378%,0.0445%,0.0354%,0.0466%,0.0692%,0.0439%,0.0322%,0.0447%,0.0631%,0.0377%,0.0490%,0.0756%,0.0330%,0.0646%,0.0459%
5,TR_V_gene,0.0000%,0.0000%,0.0000%,0.0000%,0.0000%,0.0000%,0.0000%,0.0001%,0.0000%,0.0000%,0.0000%,0.0000%,0.0000%,0.0000%,0.0000%,0.0000%,0.0000%,0.0000%,0.0000%,0.0000%,0.0000%,0.0000%,0.0000%,0.0000%,0.0000%,0.0000%,0.0000%,0.0000%,0.0000%,0.0000%,0.0000%,0.0000%,0.0000%,0.0000%,0.0000%,0.0000%,0.0000%,0.0000%,0.0000%,0.0000%,0.0000%,0.0000%,0.0000%,0.0000%,0.0000%,0.0000%,0.0000%,0.0009%,0.0000%,0.0000%,0.0000%,0.0000%,0.0000%,0.0002%,0.0000%,0.0005%,0.0000%,0.0000%,0.0000%,0.0000%,0.0000%,0.0002%,0.0000%,0.0014%,0.0000%,0.0000%,0.0000%,0.0000%,0.0000%,0.0000%,0.0000%,0.0000%,0.0000%,0.0000%,0.0000%,0.0000%,0.0002%,0.0000%,0.0000%,0.0000%,0.0000%,0.0000%,0.0004%,0.0000%,0.0000%,0.0004%,0.0000%,0.0000%,0.0002%,0.0000%,0.0000%,0.0000%,0.0001%,0.0000%,0.0003%,0.0000%,0.0000%,0.0000%,0.0000%,0.0000%,0.0000%,0.0000%,0.0000%,0.0000%,0.0000%,0.0000%,0.0000%,0.0000%,0.0000%,0.0000%,0.0000%,0.0000%,0.0000%,0.0000%,0.0000%,0.0000%,0.0000%,0.0000%,0.0003%,0.0000%,0.0000%,0.0003%,0.0008%,0.0000%,0.0000%,0.0000%,0.0000%,0.0000%,0.0000%,0.0000%,0.0000%,0.0000%,0.0000%,0.0009%,0.0000%,0.0000%,0.0000%,0.0000%,0.0000%,0.0000%,0.0039%,0.0000%,0.0000%,0.0000%,0.0004%,0.0000%,0.0000%,0.0000%,0.0000%,0.0000%,0.0000%,0.0000%,0.0000%,0.0000%,0.0000%,0.0000%,0.0000%,0.0000%,0.0014%,0.0000%,0.0004%,0.0000%,0.0000%,0.0000%,0.0000%,0.0000%,0.0000%,0.0000%,0.0000%,0.0000%,0.0008%,0.0000%,0.0000%,0.0000%,0.0000%,0.0000%,0.0000%,0.0000%,0.0000%,0.0000%,0.0000%,0.0000%,0.0000%,0.0000%,0.0000%,0.0000%,0.0000%,0.0000%,0.0000%,0.0000%,0.0000%,0.0000%,0.0000%,0.0003%,0.0000%,0.0000%,0.0011%,0.0000%,0.0000%,0.0000%,0.0000%,0.0000%,0.0000%,0.0000%,0.0000%,0.0000%,0.0000%,0.0000%,0.0000%,0.0000%,0.0000%,0.0000%,0.0000%,0.0000%,0.0010%,0.0000%,0.0000%,0.0003%,0.0000%,0.0000%,0.0000%,0.0000%
6,TR_V_pseudogene,0.0000%,0.0000%,0.0000%,0.0000%,0.0000%,0.0000%,0.0000%,0.0000%,0.0000%,0.0000%,0.0000%,0.0000%,0.0000%,0.0000%,0.0000%,0.0000%,0.0000%,0.0000%,0.0000%,0.0000%,0.0000%,0.0000%,0.0000%,0.0000%,0.0000%,0.0000%,0.0000%,0.0000%,0.0000%,0.0000%,0.0000%,0.0000%,0.0000%,0.0000%,0.0000%,0.0000%,0.0000%,0.0000%,0.0000%,0.0000%,0.0000%,0.0000%,0.0002%,0.0000%,0.0000%,0.0001%,0.0000%,0.0001%,0.0000%,0.0001%,0.0000%,0.0000%,0.0000%,0.0000%,0.0000%,0.0000%,0.0000%,0.0000%,0.0003%,0.0004%,0.0000%,0.0000%,0.0000%,0.0000%,0.0000%,0.0000%,0.0000%,0.0002%,0.0000%,0.0000%,0.0001%,0.0000%,0.0001%,0.0000%,0.0000%,0.0000%,0.0000%,0.0000%,0.0000%,0.0000%,0.0000%,0.0000%,0.0000%,0.0000%,0.0000%,0.0001%,0.0000%,0.0000%,0.0000%,0.0000%,0.0000%,0.0000%,0.0000%,0.0000%,0.0000%,0.0000%,0.0000%,0.0000%,0.0000%,0.0000%,0.0000%,0.0000%,0.0000%,0.0000%,0.0000%,0.0000%,0.0000%,0.0003%,0.0000%,0.0000%,0.0000%,0.0000%,0.0000%,0.0001%,0.0000%,0.0000%,0.0001%,0.0000%,0.0000%,0.0000%,0.0001%,0.0000%,0.0000%,0.0000%,0.0000%,0.0000%,0.0000%,0.0000%,0.0000%,0.0000%,0.0000%,0.0000%,0.0000%,0.0000%,0.0000%,0.0000%,0.0000%,0.0000%,0.0000%,0.0000%,0.0000%,0.0000%,0.0000%,0.0000%,0.0000%,0.0004%,0.0000%,0.0000%,0.0000%,0.0000%,0.0000%,0.0000%,0.0000%,0.0000%,0.0000%,0.0000%,0.0000%,0.0000%,0.0000%,0.0000%,0.0000%,0.0000%,0.0000%,0.0000%,0.0000%,0.0000%,0.0000%,0.0000%,0.0004%,0.0003%,0.0000%,0.0000%,0.0000%,0.0000%,0.0000%,0.0000%,0.0000%,0.0000%,0.0000%,0.0000%,0.0000%,0.0000%,0.0000%,0.0000%,0.0000%,0.0000%,0.0000%,0.0000%,0.0000%,0.0000%,0.0000%,0.0000%,0.0000%,0.0000%,0.0000%,0.0000%,0.0000%,0.0000%,0.0000%,0.0002%,0.0002%,0.0000%,0.0000%,0.0000%,0.0000%,0.0000%,0.0003%,0.0000%,0.0000%,0.0000%,0.0000%,0.0000%,0.0000%,0.0000%,0.0000%,0.0000%,0.0000%,0.0000%,0.0000%,0.0000%,0.0002%,0.0000%
7,artifact,0.0018%,0.0020%,0.0008%,0.0007%,0.0005%,0.0005%,0.0003%,0.0008%,0.0021%,0.0012%,0.0003%,0.0014%,0.0010%,0.0029%,0.0010%,0.0012%,0.0012%,0.0005%,0.0007%,0.0003%,0.0010%,0.0014%,0.0008%,0.0018%,0.0004%,0.0011%,0.0001%,0.0006%,0.0022%,0.0002%,0.0019%,0.0003%,0.0006%,0.0015%,0.0008%,0.0000%,0.0006%,0.0006%,0.0025%,0.0016%,0.0007%,0.0001%,0.0000%,0.0005%,0.0014%,0.0003%,0.0009%,0.0007%,0.0003%,0.0000%,0.0004%,0.0008%,0.0008%,0.0005%,0.0002%,0.0000%,0.0004%,0.0005%,0.0011%,0.0000%,0.0009%,0.0010%,0.0004%,0.0001%,0.0000%,0.0013%,0.0000%,0.0004%,0.0002%,0.0001%,0.0001%,0.0000%,0.0004%,0.0014%,0.0004%,0.0004%,0.0003%,0.0006%,0.0005%,0.0016%,0.0027%,0.0028%,0.0000%,0.0006%,0.0000%,0.0005%,0.0000%,0.0004%,0.0011%,0.0008%,0.0002%,0.0007%,0.0008%,0.0000%,0.0005%,0.0005%,0.0000%,0.0007%,0.0009%,0.0000%,0.0006%,0.0003%,0.0000%,0.0000%,0.0005%,0.0000%,0.0013%,0.0011%,0.0005%,0.0002%,0.0013%,0.0012%,0.0012%,0.0002%,0.0005%,0.0000%,0.0019%,0.0000%,0.0001%,0.0004%,0.0000%,0.0006%,0.0002%,0.0009%,0.0007%,0.0009%,0.0006%,0.0004%,0.0009%,0.0002%,0.0001%,0.0019%,0.0001%,0.0009%,0.0056%,0.0002%,0.0006%,0.0009%,0.0039%,0.0004%,0.0020%,0.0003%,0.0002%,0.0004%,0.0007%,0.0015%,0.0007%,0.0009%,0.0017%,0.0003%,0.0000%,0.0007%,0.0004%,0.0013%,0.0009%,0.0016%,0.0007%,0.0004%,0.0000%,0.0006%,0.0014%,0.0010%,0.0000%,0.0011%,0.0010%,0.0002%,0.0003%,0.0006%,0.0000%,0.0018%,0.0008%,0.0004%,0.0000%,0.0010%,0.0010%,0.0016%,0.0007%,0.0004%,0.0011%,0.0003%,0.0015%,0.0000%,0.0006%,0.0000%,0.0005%,0.0007%,0.0000%,0.0000%,0.0009%,0.0016%,0.0008%,0.0000%,0.0007%,0.0018%,0.0005%,0.0011%,0.0000%,0.0026%,0.0010%,0.0014%,0.0000%,0.0004%,0.0000%,0.0000%,0.0000%,0.0010%,0.0017%,0.0000%,0.0000%,0.0003%,0.0003%,0.0004%,0.0000%,0.0000%,0.0000%,0.0016%,0.0007%,0.0008%,0.0000%,0.0002%,0.0002%,0.0004%
8,lncRNA,0.9613%,1.0309%,0.8205%,0.7950%,0.9487%,0.9221%,0.9069%,0.8977%,0.8417%,1.1977%,0.8864%,0.8289%,1.1144%,1.0229%,1.1173%,0.8523%,0.7490%,0.7522%,0.9614%,1.2360%,0.8207%,1.0131%,0.9276%,0.6825%,0.7893%,0.8806%,0.9843%,0.9732%,0.9142%,0.7510%,0.7260%,0.9035%,0.9031%,1.1371%,0.8822%,1.4141%,0.9166%,0.8593%,0.9689%,0.7908%,1.4148%,0.8271%,1.4012%,1.2526%,2.1341%,1.2774%,1.1752%,1.0640%,1.3093%,1.3200%,0.9173%,1.2615%,1.7193%,0.9429%,0.9838%,0.7998%,1.1472%,1.9498%,0.8553%,1.1821%,0.9204%,1.2635%,1.1430%,2.5518%,6.0941%,1.3528%,1.1865%,1.5678%,1.1347%,1.7237%,0.9250%,1.8380%,1.2350%,1.0109%,2.2199%,1.8741%,1.3233%,1.8151%,0.8822%,1.8248%,1.0185%,3.7083%,1.5359%,4.1152%,1.0512%,1.1963%,1.8642%,1.3388%,1.2400%,1.6602%,0.9546%,0.8323%,1.0368%,1.7728%,1.0691%,1.0542%,1.3128%,1.0538%,1.0856%,1.1945%,1.0297%,1.0007%,2.7562%,0.9681%,2.8244%,1.1095%,0.8734%,1.7190%,1.0459%,1.0821%,1.4972%,0.9659%,1.3559%,1.3067%,0.9567%,8.0134%,1.5172%,5.0775%,1.3550%,1.2199%,1.0162%,1.4669%,1.6126%,1.6932%,1.0559%,1.1772%,1.2507%,1.1831%,0.9888%,0.8736%,0.8111%,1.0034%,2.2646%,1.2408%,1.3058%,1.2110%,0.9650%,0.9477%,1.3394%,1.5179%,1.4465%,1.0974%,0.8051%,0.8064%,1.4970%,0.9944%,1.3206%,0.8446%,1.4005%,1.0063%,1.1002%,1.1868%,1.0794%,1.0491%,0.9612%,1.0010%,1.0784%,1.1880%,2.0050%,1.5513%,1.1077%,0.9609%,1.0365%,1.6617%,1.0625%,1.0197%,1.1666%,0.9766%,0.7464%,0.8677%,1.1646%,0.8514%,1.7877%,1.1286%,0.8396%,0.9990%,0.8867%,1.4143%,1.1004%,1.2103%,1.0169%,2.6275%,2.0944%,0.8185%,1.2586%,1.0251%,1.5160%,1.1904%,1.5278%,1.1826%,1.4765%,1.0770%,1.0113%,1.2155%,1.2898%,0.7662%,1.4636%,0.8620%,1.4581%,1.2556%,2.3785%,1.0807%,1.1446%,1.7028%,1.3632%,1.1422%,1.4953%,0.9334%,1.4692%,1.1768%,0.9720%,1.5202%,1.0105%,0.9568%,1.0619%,1.2860%,1.1208%,1.0123%,1.2561%,0.9706%,1.2123%,1.0649%
9,miRNA,0.0001%,0.0020%,0.0004%,0.0003%,0.0005%,0.0022%,0.0024%,0.0006%,0.0004%,0.0020%,0.0005%,0.0013%,0.0014%,0.0017%,0.0019%,0.0008%,0.0006%,0.0011%,0.0012%,0.0007%,0.0014%,0.0016%,0.0011%,0.0007%,0.0003%,0.0004%,0.0005%,0.0013%,0.0012%,0.0006%,0.0010%,0.0001%,0.0005%,0.0009%,0.0004%,0.0020%,0.0004%,0.0002%,0.0009%,0.0015%,0.0022%,0.0006%,0.0019%,0.0015%,0.0029%,0.0009%,0.0007%,0.0007%,0.0015%,0.0013%,0.0012%,0.0002%,0.0033%,0.0005%,0.0005%,0.0004%,0.0013%,0.0014%,0.0008%,0.0004%,0.0011%,0.0005%,0.0003%,0.0017%,0.0000%,0.0013%,0.0014%,0.0005%,0.0026%,0.0008%,0.0010%,0.0000%,0.0007%,0.0014%,0.0026%,0.0032%,0.0018%,0.0024%,0.0005%,0.0027%,0.0005%,0.0058%,0.0013%,0.0096%,0.0021%,0.0018%,0.0012%,0.0015%,0.0004%,0.0016%,0.0009%,0.0006%,0.0019%,0.0000%,0.0000%,0.0008%,0.0015%,0.0016%,0.0012%,0.0015%,0.0013%,0.0000%,0.0010%,0.0008%,0.0006%,0.0006%,0.0003%,0.0013%,0.0005%,0.0007%,0.0014%,0.0010%,0.0006%,0.0026%,0.0012%,0.0000%,0.0026%,0.0001%,0.0004%,0.0005%,0.0015%,0.0009%,0.0012%,0.0021%,0.0007%,0.0022%,0.0013%,0.0008%,0.0024%,0.0000%,0.0003%,0.0008%,0.0012%,0.0009%,0.0000%,0.0013%,0.0012%,0.0009%,0.0003%,0.0016%,0.0031%,0.0016%,0.0002%,0.0006%,0.0011%,0.0015%,0.0011%,0.0013%,0.0022%,0.0007%,0.0015%,0.0005%,0.0009%,0.0009%,0.0011%,0.0000%,0.0013%,0.0000%,0.0006%,0.0013%,0.0014%,0.0006%,0.0007%,0.0011%,0.0005%,0.0000%,0.0003%,0.0006%,0.0004%,0.0013%,0.0008%,0.0016%,0.0035%,0.0013%,0.0000%,0.0010%,0.0008%,0.0014%,0.0038%,0.0024%,0.0000%,0.0031%,0.0053%,0.0000%,0.0044%,0.0007%,0.0015%,0.0000%,0.0000%,0.0008%,0.0005%,0.0004%,0.0007%,0.0008%,0.0000%,0.0033%,0.0004%,0.0011%,0.0010%,0.0007%,0.0027%,0.0023%,0.0000%,0.0006%,0.0009%,0.0005%,0.0023%,0.0010%,0.0000%,0.0003%,0.0026%,0.0004%,0.0008%,0.0002%,0.0000%,0.0010%,0.0014%,0.0000%,0.0005%,0.0000%,0.0010%,0.0013%
10,misc_RNA,0.0005%,0.0003%,0.0020%,0.0034%,0.0007%,0.0021%,0.0006%,0.0000%,0.0002%,0.0016%,0.0010%,0.0010%,0.0010%,0.0010%,0.0012%,0.0018%,0.0012%,0.0008%,0.0012%,0.0021%,0.0023%,0.0007%,0.0017%,0.0012%,0.0006%,0.0014%,0.0021%,0.0013%,0.0002%,0.0007%,0.0009%,0.0017%,0.0009%,0.0000%,0.0004%,0.0026%,0.0031%,0.0003%,0.0006%,0.0010%,0.0022%,0.0030%,0.0079%,0.0041%,0.0041%,0.0019%,0.0014%,0.0027%,0.0031%,0.0084%,0.0004%,0.0027%,0.0046%,0.0015%,0.0019%,0.0024%,0.0011%,0.0079%,0.0016%,0.0016%,0.0023%,0.0048%,0.0013%,0.0089%,0.0000%,0.0134%,0.0028%,0.0061%,0.0022%,0.0072%,0.0034%,0.0021%,0.0050%,0.0037%,0.0050%,0.0042%,0.0050%,0.0038%,0.0037%,0.0029%,0.0005%,0.0204%,0.0013%,0.0370%,0.0024%,0.0018%,0.0078%,0.0049%,0.0026%,0.0032%,0.0014%,0.0021%,0.0048%,0.0000%,0.0032%,0.0008%,0.0056%,0.0036%,0.0044%,0.0005%,0.0021%,0.0024%,0.0053%,0.0011%,0.0023%,0.0032%,0.0011%,0.0026%,0.0033%,0.0031%,0.0022%,0.0022%,0.0037%,0.0018%,0.0014%,0.0209%,0.0102%,0.0155%,0.0014%,0.0018%,0.0016%,0.0027%,0.0030%,0.0033%,0.0021%,0.0035%,0.0034%,0.0015%,0.0028%,0.0017%,0.0019%,0.0027%,0.0078%,0.0034%,0.0011%,0.0013%,0.0025%,0.0018%,0.0026%,0.0036%,0.0026%,0.0019%,0.0011%,0.0008%,0.0039%,0.0023%,0.0024%,0.0013%,0.0019%,0.0020%,0.0021%,0.0027%,0.0008%,0.0026%,0.0006%,0.0016%,0.0040%,0.0082%,0.0101%,0.0026%,0.0011%,0.0019%,0.0002%,0.0047%,0.0022%,0.0041%,0.0032%,0.0105%,0.0027%,0.0023%,0.0024%,0.0016%,0.0008%,0.0021%,0.0029%,0.0026%,0.0027%,0.0020%,0.0014%,0.0083%,0.0015%,0.0155%,0.0065%,0.0000%,0.0011%,0.0027%,0.0033%,0.0007%,0.0054%,0.0018%,0.0070%,0.0019%,0.0004%,0.0076%,0.0042%,0.0011%,0.0018%,0.0034%,0.0018%,0.0038%,0.0007%,0.0015%,0.0011%,0.0037%,0.0018%,0.0010%,0.0046%,0.0036%,0.0033%,0.0011%,0.0015%,0.0034%,0.0038%,0.0016%,0.0021%,0.0021%,0.0029%,0.0014%,0.0049%,0.0055%,0.0042%,0.0021%
11,processed_pseudogene,0.0421%,0.0492%,0.0543%,0.0347%,0.0492%,0.0522%,0.0339%,0.0320%,0.0317%,0.0865%,0.0392%,0.0460%,0.0567%,0.0346%,0.0515%,0.0403%,0.0397%,0.0388%,0.0439%,0.0567%,0.0491%,0.0757%,0.0412%,0.0343%,0.0422%,0.0372%,0.0444%,0.0474%,0.0486%,0.0387%,0.0594%,0.0562%,0.0478%,0.0489%,0.0375%,0.0419%,0.0484%,0.0423%,0.0456%,0.0329%,0.0570%,0.0667%,0.1482%,0.1058%,0.1617%,0.0809%,0.0657%,0.0846%,0.0907%,0.1293%,0.0908%,0.0749%,0.1168%,0.0902%,0.0697%,0.0675%,0.0914%,0.1328%,0.0899%,0.0916%,0.0947%,0.0784%,0.0625%,0.1260%,0.3011%,0.0937%,0.1040%,0.1169%,0.0845%,0.1044%,0.0732%,0.0248%,0.1070%,0.0965%,0.1612%,0.1883%,0.1159%,0.1259%,0.0590%,0.1359%,0.1063%,0.2629%,0.0877%,0.3060%,0.0925%,0.0924%,0.1966%,0.0889%,0.0957%,0.1195%,0.0807%,0.0799%,0.0885%,0.0567%,0.0931%,0.0995%,0.0876%,0.0964%,0.0752%,0.0994%,0.0894%,0.0785%,0.1997%,0.1279%,0.2771%,0.0845%,0.0766%,0.1213%,0.0894%,0.0828%,0.0938%,0.0936%,0.0981%,0.1108%,0.0839%,0.4174%,0.1388%,0.3478%,0.0866%,0.0712%,0.0826%,0.0993%,0.1075%,0.1742%,0.1053%,0.1074%,0.1023%,0.1011%,0.0829%,0.0814%,0.0833%,0.0841%,0.1779%,0.1006%,0.0903%,0.0946%,0.0945%,0.0942%,0.0959%,0.1039%,0.1049%,0.0942%,0.0577%,0.0756%,0.1157%,0.1052%,0.0941%,0.0720%,0.0707%,0.0744%,0.0941%,0.1020%,0.0729%,0.1027%,0.0627%,0.0767%,0.0870%,0.0831%,0.1348%,0.1216%,0.0827%,0.0698%,0.0648%,0.0774%,0.0843%,0.0758%,0.0778%,0.0932%,0.0659%,0.0571%,0.0990%,0.0808%,0.1287%,0.1008%,0.0904%,0.0639%,0.0901%,0.0796%,0.0942%,0.1120%,0.1058%,0.1815%,0.1316%,0.1034%,0.0774%,0.0820%,0.0988%,0.0798%,0.1216%,0.0799%,0.0941%,0.0820%,0.0689%,0.1142%,0.0727%,0.1236%,0.0981%,0.0779%,0.0930%,0.1183%,0.1469%,0.0704%,0.0739%,0.1244%,0.0885%,0.0817%,0.1205%,0.0802%,0.0533%,0.0750%,0.0801%,0.0789%,0.0841%,0.0673%,0.0790%,0.1278%,0.0716%,0.0720%,0.1200%,0.1337%,0.0948%,0.0853%
12,protein_coding,94.2047%,94.6251%,94.3505%,94.7267%,93.9196%,94.3039%,94.9927%,94.3556%,93.7453%,93.5103%,93.9790%,94.2155%,94.0318%,94.7595%,93.0166%,93.8450%,94.1486%,94.0619%,93.4645%,94.2407%,94.5289%,93.4087%,94.9627%,94.6794%,94.8136%,94.8368%,93.1392%,93.9716%,94.9060%,94.0044%,95.0403%,96.7521%,94.1684%,93.9823%,95.2858%,94.7084%,94.1905%,94.3469%,93.6992%,94.1495%,94.7946%,89.8298%,90.0176%,86.2005%,88.8965%,90.5404%,92.9943%,88.7920%,90.8875%,89.2758%,86.3610%,86.2231%,89.2788%,89.8087%,89.7383%,86.9010%,88.5772%,90.6370%,92.3775%,88.5042%,89.5811%,91.9731%,91.1541%,90.2847%,55.2767%,94.1467%,90.6599%,82.3789%,90.5418%,89.9981%,92.6269%,93.5694%,90.7850%,88.5783%,90.2982%,91.1749%,86.1864%,88.4466%,87.0773%,83.9108%,87.6561%,86.7083%,90.7225%,84.2717%,91.8298%,90.7906%,91.4509%,90.1412%,89.6711%,93.8431%,90.4718%,91.1544%,91.6518%,93.8492%,86.9913%,88.5585%,88.1177%,88.0366%,89.8078%,90.8914%,91.6890%,87.5907%,86.6580%,90.2560%,82.9977%,88.1772%,92.5860%,87.4785%,89.3857%,92.7219%,88.6419%,92.5194%,91.0396%,88.6128%,89.8234%,73.8731%,92.0258%,78.6474%,96.4403%,92.6961%,90.8860%,90.3027%,87.6874%,90.1473%,91.8862%,90.0223%,89.2115%,87.1466%,90.7776%,88.9249%,90.8122%,90.9594%,89.4152%,90.2146%,91.0191%,92.4085%,89.6200%,92.2176%,88.9134%,86.8780%,89.5868%,90.7638%,94.4251%,90.6586%,92.5664%,90.2430%,90.9888%,87.8452%,91.3533%,90.9962%,92.9920%,91.0287%,93.8434%,91.4826%,94.7717%,92.2854%,91.9700%,90.5862%,88.9638%,90.3938%,90.7026%,93.8470%,92.2898%,90.5126%,93.8547%,90.2376%,90.1743%,91.1596%,92.4335%,91.3423%,91.6932%,91.8544%,92.4577%,93.3701%,93.3842%,94.2088%,91.9117%,90.0888%,93.8907%,93.3762%,90.8937%,88.2546%,90.6398%,96.2628%,91.1530%,90.4596%,89.8245%,91.5693%,90.8512%,93.4795%,93.1011%,92.0061%,92.1700%,91.6366%,90.3795%,93.2887%,92.8319%,91.5472%,93.7446%,94.1874%,91.9653%,92.1630%,91.4082%,95.3476%,91.5046%,90.5556%,91.2610%,92.6494%,93.7866%,89.0414%,93.7920%,85.3842%,92.7238%,88.2955%,91.0319%,91.2591%,91.9839%,93.3653%,89.1131%,90.6152%,90.4442%,90.5813%
13,pseudogene,0.0000%,0.0001%,0.0000%,0.0000%,0.0000%,0.0000%,0.0001%,0.0000%,0.0000%,0.0000%,0.0000%,0.0000%,0.0000%,0.0000%,0.0000%,0.0000%,0.0000%,0.0000%,0.0000%,0.0000%,0.0000%,0.0000%,0.0000%,0.0000%,0.0000%,0.0000%,0.0000%,0.0001%,0.0000%,0.0000%,0.0000%,0.0000%,0.0002%,0.0000%,0.0001%,0.0000%,0.0000%,0.0000%,0.0001%,0.0000%,0.0000%,0.0003%,0.0001%,0.0008%,0.0002%,0.0000%,0.0000%,0.0001%,0.0002%,0.0000%,0.0000%,0.0000%,0.0000%,0.0000%,0.0000%,0.0000%,0.0000%,0.0000%,0.0000%,0.0000%,0.0006%,0.0000%,0.0000%,0.0000%,0.0000%,0.0000%,0.0000%,0.0000%,0.0000%,0.0000%,0.0000%,0.0000%,0.0000%,0.0000%,0.0002%,0.0000%,0.0000%,0.0000%,0.0000%,0.0005%,0.0000%,0.0004%,0.0000%,0.0025%,0.0004%,0.0003%,0.0010%,0.0000%,0.0001%,0.0000%,0.0004%,0.0000%,0.0000%,0.0000%,0.0000%,0.0000%,0.0000%,0.0000%,0.0000%,0.0000%,0.0002%,0.0003%,0.0001%,0.0000%,0.0000%,0.0000%,0.0000%,0.0000%,0.0000%,0.0002%,0.0000%,0.0000%,0.0000%,0.0003%,0.0000%,0.0417%,0.0001%,0.0000%,0.0000%,0.0000%,0.0000%,0.0000%,0.0002%,0.0000%,0.0000%,0.0000%,0.0002%,0.0000%,0.0002%,0.0002%,0.0001%,0.0000%,0.0000%,0.0000%,0.0000%,0.0000%,0.0000%,0.0000%,0.0003%,0.0008%,0.0000%,0.0000%,0.0000%,0.0002%,0.0000%,0.0000%,0.0004%,0.0000%,0.0000%,0.0000%,0.0000%,0.0000%,0.0000%,0.0001%,0.0000%,0.0000%,0.0000%,0.0000%,0.0000%,0.0006%,0.0000%,0.0000%,0.0000%,0.0004%,0.0000%,0.0000%,0.0000%,0.0000%,0.0004%,0.0000%,0.0000%,0.0000%,0.0000%,0.0003%,0.0000%,0.0000%,0.0000%,0.0000%,0.0000%,0.0000%,0.0000%,0.0003%,0.0000%,0.0000%,0.0000%,0.0000%,0.0008%,0.0007%,0.0000%,0.0000%,0.0000%,0.0000%,0.0000%,0.0000%,0.0000%,0.0000%,0.0004%,0.0000%,0.0000%,0.0000%,0.0000%,0.0000%,0.0000%,0.0000%,0.0000%,0.0000%,0.0003%,0.0002%,0.0000%,0.0000%,0.0000%,0.0013%,0.0004%,0.0004%,0.0000%,0.0000%,0.0000%,0.0000%,0.0000%,0.0000%,0.0000%,0.0000%
14,rRNA_pseudogene,0.0000%,0.0009%,0.0010%,0.0000%,0.0004%,0.0004%,0.0006%,0.0003%,0.0001%,0.0000%,0.0000%,0.0009%,0.0006%,0.0000%,0.0000%,0.0003%,0.0000%,0.0000%,0.0001%,0.0001%,0.0000%,0.0000%,0.0000%,0.0001%,0.0005%,0.0005%,0.0000%,0.0004%,0.0005%,0.0000%,0.0000%,0.0012%,0.0013%,0.0000%,0.0000%,0.0016%,0.0000%,0.0000%,0.0000%,0.0000%,0.0000%,0.0017%,0.0012%,0.0009%,0.0000%,0.0000%,0.0000%,0.0010%,0.0000%,0.0008%,0.0000%,0.0002%,0.0000%,0.0007%,0.0000%,0.0005%,0.0002%,0.0002%,0.0003%,0.0000%,0.0002%,0.0005%,0.0001%,0.0003%,0.0000%,0.0009%,0.0000%,0.0008%,0.0002%,0.0005%,0.0002%,0.0000%,0.0001%,0.0008%,0.0000%,0.0019%,0.0006%,0.0008%,0.0000%,0.0003%,0.0000%,0.0004%,0.0000%,0.0000%,0.0000%,0.0001%,0.0007%,0.0002%,0.0003%,0.0017%,0.0000%,0.0000%,0.0001%,0.0000%,0.0002%,0.0005%,0.0007%,0.0000%,0.0006%,0.0002%,0.0000%,0.0003%,0.0009%,0.0004%,0.0000%,0.0006%,0.0003%,0.0000%,0.0002%,0.0006%,0.0010%,0.0003%,0.0015%,0.0000%,0.0004%,0.0000%,0.0000%,0.0031%,0.0000%,0.0003%,0.0006%,0.0003%,0.0000%,0.0015%,0.0003%,0.0000%,0.0002%,0.0002%,0.0015%,0.0003%,0.0000%,0.0005%,0.0001%,0.0000%,0.0006%,0.0000%,0.0000%,0.0003%,0.0000%,0.0012%,0.0000%,0.0000%,0.0000%,0.0000%,0.0000%,0.0004%,0.0000%,0.0004%,0.0007%,0.0003%,0.0000%,0.0000%,0.0000%,0.0005%,0.0000%,0.0000%,0.0007%,0.0004%,0.0003%,0.0013%,0.0007%,0.0000%,0.0011%,0.0007%,0.0000%,0.0000%,0.0000%,0.0000%,0.0000%,0.0005%,0.0000%,0.0004%,0.0000%,0.0000%,0.0006%,0.0004%,0.0003%,0.0001%,0.0004%,0.0000%,0.0012%,0.0000%,0.0000%,0.0000%,0.0000%,0.0000%,0.0010%,0.0003%,0.0000%,0.0008%,0.0000%,0.0004%,0.0004%,0.0000%,0.0005%,0.0000%,0.0007%,0.0004%,0.0000%,0.0005%,0.0034%,0.0000%,0.0000%,0.0000%,0.0000%,0.0000%,0.0000%,0.0007%,0.0000%,0.0008%,0.0000%,0.0000%,0.0000%,0.0004%,0.0000%,0.0000%,0.0007%,0.0011%,0.0000%,0.0016%,0.0000%,0.0001%
15,scRNA,0.0000%,0.0001%,0.0000%,0.0000%,0.0000%,0.0000%,0.0000%,0.0000%,0.0000%,0.0001%,0.0000%,0.0000%,0.0000%,0.0000%,0.0000%,0.0000%,0.0000%,0.0000%,0.0001%,0.0000%,0.0000%,0.0000%,0.0000%,0.0000%,0.0000%,0.0000%,0.0001%,0.0000%,0.0000%,0.0001%,0.0000%,0.0000%,0.0000%,0.0000%,0.0000%,0.0000%,0.0000%,0.0000%,0.0000%,0.0000%,0.0000%,0.0001%,0.0017%,0.0003%,0.0016%,0.0003%,0.0004%,0.0025%,0.0000%,0.0038%,0.0008%,0.0002%,0.0080%,0.0026%,0.0009%,0.0003%,0.0038%,0.0012%,0.0011%,0.0000%,0.0000%,0.0041%,0.0002%,0.0051%,0.0143%,0.0004%,0.0000%,0.0009%,0.0004%,0.0002%,0.0005%,0.0000%,0.0007%,0.0006%,0.0028%,0.0008%,0.0003%,0.0007%,0.0000%,0.0003%,0.0011%,0.0044%,0.0022%,0.0083%,0.0007%,0.0009%,0.0022%,0.0003%,0.0019%,0.0064%,0.0002%,0.0022%,0.0003%,0.0041%,0.0000%,0.0000%,0.0001%,0.0014%,0.0003%,0.0003%,0.0021%,0.0003%,0.0057%,0.0000%,0.0162%,0.0000%,0.0001%,0.0011%,0.0014%,0.0020%,0.0001%,0.0003%,0.0008%,0.0015%,0.0017%,0.0209%,0.0019%,0.0048%,0.0176%,0.0012%,0.0006%,0.0025%,0.0032%,0.0084%,0.0004%,0.0018%,0.0009%,0.0002%,0.0000%,0.0008%,0.0030%,0.0009%,0.0029%,0.0021%,0.0017%,0.0002%,0.0008%,0.0029%,0.0005%,0.0008%,0.0000%,0.0028%,0.0018%,0.0008%,0.0025%,0.0000%,0.0000%,0.0027%,0.0002%,0.0000%,0.0003%,0.0064%,0.0000%,0.0001%,0.0003%,0.0024%,0.0000%,0.0012%,0.0017%,0.0000%,0.0000%,0.0000%,0.0029%,0.0022%,0.0098%,0.0002%,0.0006%,0.0099%,0.0008%,0.0005%,0.0000%,0.0008%,0.0000%,0.0060%,0.0149%,0.0008%,0.0003%,0.0004%,0.0030%,0.0111%,0.0015%,0.0006%,0.0082%,0.0000%,0.0016%,0.0013%,0.0013%,0.0003%,0.0001%,0.0006%,0.0008%,0.0004%,0.0009%,0.0003%,0.0000%,0.0067%,0.0000%,0.0002%,0.0007%,0.0012%,0.0092%,0.0054%,0.0021%,0.0067%,0.0015%,0.0041%,0.0014%,0.0063%,0.0011%,0.0048%,0.0079%,0.0000%,0.0000%,0.0002%,0.0010%,0.0000%,0.0034%,0.0006%,0.0005%,0.0031%,0.0034%,0.0001%
16,scaRNA,0.0000%,0.0000%,0.0001%,0.0000%,0.0000%,0.0002%,0.0000%,0.0000%,0.0000%,0.0000%,0.0000%,0.0000%,0.0000%,0.0012%,0.0000%,0.0000%,0.0000%,0.0000%,0.0002%,0.0000%,0.0011%,0.0000%,0.0003%,0.0000%,0.0003%,0.0000%,0.0000%,0.0000%,0.0000%,0.0000%,0.0002%,0.0000%,0.0002%,0.0000%,0.0000%,0.0000%,0.0002%,0.0000%,0.0000%,0.0000%,0.0002%,0.0000%,0.0003%,0.0002%,0.0000%,0.0000%,0.0001%,0.0000%,0.0000%,0.0000%,0.0000%,0.0000%,0.0000%,0.0000%,0.0000%,0.0000%,0.0000%,0.0000%,0.0005%,0.0000%,0.0000%,0.0000%,0.0000%,0.0001%,0.0000%,0.0000%,0.0000%,0.0000%,0.0002%,0.0000%,0.0000%,0.0000%,0.0000%,0.0000%,0.0000%,0.0000%,0.0000%,0.0005%,0.0000%,0.0000%,0.0000%,0.0001%,0.0000%,0.0000%,0.0007%,0.0003%,0.0000%,0.0000%,0.0000%,0.0002%,0.0000%,0.0007%,0.0000%,0.0000%,0.0000%,0.0000%,0.0000%,0.0009%,0.0000%,0.0002%,0.0000%,0.0000%,0.0001%,0.0004%,0.0000%,0.0000%,0.0002%,0.0000%,0.0000%,0.0002%,0.0000%,0.0000%,0.0000%,0.0000%,0.0000%,0.0000%,0.0005%,0.0000%,0.0000%,0.0000%,0.0000%,0.0000%,0.0000%,0.0000%,0.0000%,0.0000%,0.0000%,0.0000%,0.0011%,0.0000%,0.0000%,0.0000%,0.0000%,0.0000%,0.0006%,0.0000%,0.0000%,0.0000%,0.0000%,0.0000%,0.0000%,0.0006%,0.0000%,0.0000%,0.0000%,0.0000%,0.0000%,0.0002%,0.0000%,0.0000%,0.0000%,0.0000%,0.0000%,0.0000%,0.0001%,0.0000%,0.0000%,0.0000%,0.0000%,0.0000%,0.0000%,0.0003%,0.0000%,0.0000%,0.0000%,0.0000%,0.0000%,0.0000%,0.0000%,0.0000%,0.0000%,0.0000%,0.0000%,0.0000%,0.0000%,0.0000%,0.0000%,0.0000%,0.0000%,0.0000%,0.0000%,0.0000%,0.0002%,0.0000%,0.0000%,0.0000%,0.0000%,0.0003%,0.0000%,0.0000%,0.0000%,0.0007%,0.0000%,0.0000%,0.0000%,0.0000%,0.0000%,0.0000%,0.0000%,0.0005%,0.0000%,0.0000%,0.0000%,0.0000%,0.0000%,0.0010%,0.0000%,0.0000%,0.0005%,0.0003%,0.0000%,0.0013%,0.0000%,0.0000%,0.0000%,0.0000%,0.0000%,0.0000%,0.0015%,0.0000%,0.0000%,0.0000%
17,snRNA,0.0007%,0.0023%,0.0040%,0.0027%,0.0038%,0.0046%,0.0024%,0.0019%,0.0038%,0.0080%,0.0020%,0.0043%,0.0038%,0.0043%,0.0022%,0.0031%,0.0012%,0.0016%,0.0022%,0.0024%,0.0017%,0.0050%,0.0020%,0.0011%,0.0027%,0.0005%,0.0020%,0.0019%,0.0027%,0.0019%,0.0031%,0.0031%,0.0009%,0.0023%,0.0019%,0.0001%,0.0040%,0.0030%,0.0036%,0.0005%,0.0015%,0.0054%,0.0095%,0.0029%,0.0060%,0.0023%,0.0034%,0.0042%,0.0044%,0.0039%,0.0024%,0.0040%,0.0012%,0.0018%,0.0032%,0.0029%,0.0028%,0.0054%,0.0019%,0.0008%,0.0035%,0.0031%,0.0009%,0.0039%,0.0000%,0.0024%,0.0000%,0.0030%,0.0034%,0.0040%,0.0022%,0.0000%,0.0044%,0.0025%,0.0037%,0.0101%,0.0034%,0.0050%,0.0023%,0.0032%,0.0011%,0.0115%,0.0017%,0.0090%,0.0027%,0.0048%,0.0103%,0.0026%,0.0018%,0.0108%,0.0026%,0.0021%,0.0025%,0.0002%,0.0034%,0.0036%,0.0040%,0.0029%,0.0057%,0.0018%,0.0029%,0.0030%,0.0113%,0.0019%,0.0091%,0.0025%,0.0022%,0.0039%,0.0023%,0.0026%,0.0036%,0.0027%,0.0035%,0.0032%,0.0026%,0.0000%,0.0087%,0.0263%,0.0033%,0.0012%,0.0032%,0.0045%,0.0054%,0.0117%,0.0052%,0.0021%,0.0007%,0.0013%,0.0058%,0.0008%,0.0012%,0.0030%,0.0046%,0.0024%,0.0031%,0.0028%,0.0027%,0.0024%,0.0026%,0.0040%,0.0035%,0.0038%,0.0013%,0.0004%,0.0036%,0.0015%,0.0038%,0.0040%,0.0022%,0.0020%,0.0018%,0.0038%,0.0025%,0.0027%,0.0018%,0.0024%,0.0027%,0.0037%,0.0073%,0.0016%,0.0053%,0.0013%,0.0025%,0.0011%,0.0038%,0.0039%,0.0017%,0.0022%,0.0008%,0.0038%,0.0056%,0.0027%,0.0100%,0.0031%,0.0019%,0.0022%,0.0017%,0.0020%,0.0037%,0.0048%,0.0015%,0.0047%,0.0099%,0.0045%,0.0033%,0.0020%,0.0030%,0.0031%,0.0071%,0.0022%,0.0060%,0.0011%,0.0028%,0.0061%,0.0058%,0.0033%,0.0025%,0.0017%,0.0016%,0.0031%,0.0140%,0.0043%,0.0021%,0.0049%,0.0018%,0.0041%,0.0060%,0.0019%,0.0027%,0.0013%,0.0000%,0.0038%,0.0026%,0.0020%,0.0010%,0.0057%,0.0045%,0.0020%,0.0020%,0.0044%,0.0019%,0.0027%
18,snoRNA,0.0046%,0.0020%,0.0031%,0.0034%,0.0035%,0.0035%,0.0023%,0.0044%,0.0052%,0.0031%,0.0022%,0.0048%,0.0027%,0.0059%,0.0059%,0.0032%,0.0023%,0.0032%,0.0040%,0.0036%,0.0015%,0.0005%,0.0015%,0.0042%,0.0022%,0.0019%,0.0039%,0.0038%,0.0061%,0.0006%,0.0028%,0.0019%,0.0024%,0.0063%,0.0017%,0.0044%,0.0033%,0.0034%,0.0019%,0.0011%,0.0046%,0.0011%,0.0024%,0.0034%,0.0076%,0.0076%,0.0023%,0.0048%,0.0055%,0.0064%,0.0052%,0.0040%,0.0058%,0.0023%,0.0012%,0.0025%,0.0019%,0.0042%,0.0024%,0.0028%,0.0014%,0.0058%,0.0033%,0.0039%,0.0000%,0.0053%,0.0014%,0.0025%,0.0030%,0.0009%,0.0046%,0.0000%,0.0037%,0.0025%,0.0080%,0.0089%,0.0024%,0.0007%,0.0023%,0.0043%,0.0070%,0.0124%,0.0026%,0.0105%,0.0019%,0.0060%,0.0078%,0.0031%,0.0031%,0.0069%,0.0028%,0.0035%,0.0016%,0.0014%,0.0022%,0.0019%,0.0032%,0.0023%,0.0034%,0.0036%,0.0042%,0.0021%,0.0044%,0.0027%,0.0070%,0.0032%,0.0051%,0.0034%,0.0035%,0.0033%,0.0067%,0.0034%,0.0028%,0.0033%,0.0030%,0.0000%,0.0136%,0.0187%,0.0073%,0.0021%,0.0022%,0.0036%,0.0026%,0.0041%,0.0018%,0.0039%,0.0049%,0.0017%,0.0009%,0.0020%,0.0021%,0.0030%,0.0078%,0.0046%,0.0034%,0.0072%,0.0067%,0.0041%,0.0069%,0.0048%,0.0044%,0.0016%,0.0029%,0.0023%,0.0028%,0.0030%,0.0045%,0.0047%,0.0053%,0.0047%,0.0036%,0.0046%,0.0019%,0.0020%,0.0018%,0.0048%,0.0040%,0.0025%,0.0081%,0.0042%,0.0056%,0.0023%,0.0031%,0.0062%,0.0029%,0.0035%,0.0038%,0.0028%,0.0030%,0.0030%,0.0032%,0.0027%,0.0035%,0.0042%,0.0065%,0.0018%,0.0052%,0.0022%,0.0047%,0.0062%,0.0038%,0.0065%,0.0053%,0.0045%,0.0044%,0.0020%,0.0166%,0.0035%,0.0071%,0.0012%,0.0016%,0.0037%,0.0022%,0.0058%,0.0032%,0.0156%,0.0039%,0.0039%,0.0051%,0.0043%,0.0237%,0.0066%,0.0059%,0.0037%,0.0064%,0.0026%,0.0037%,0.0055%,0.0005%,0.0059%,0.0009%,0.0013%,0.0113%,0.0022%,0.0052%,0.0031%,0.0020%,0.0034%,0.0088%,0.0018%,0.0046%,0.0036%
19,transcribed_processed_pseudogene,0.0334%,0.0362%,0.0327%,0.0211%,0.0334%,0.0330%,0.0283%,0.0303%,0.0340%,0.0349%,0.0275%,0.0329%,0.0280%,0.0483%,0.0338%,0.0394%,0.0274%,0.0325%,0.0419%,0.0336%,0.0393%,0.0398%,0.0302%,0.0365%,0.0291%,0.0486%,0.0415%,0.0326%,0.0409%,0.0385%,0.0331%,0.0514%,0.0394%,0.0272%,0.0395%,0.0636%,0.0411%,0.0261%,0.0487%,0.0239%,0.0443%,0.0518%,0.0511%,0.0432%,0.0577%,0.0303%,0.0278%,0.0243%,0.0246%,0.0410%,0.0283%,0.0293%,0.0418%,0.0303%,0.0321%,0.0327%,0.0337%,0.0474%,0.0202%,0.0316%,0.0342%,0.0357%,0.0341%,0.0735%,0.1864%,0.0420%,0.0408%,0.0423%,0.0317%,0.0517%,0.0406%,0.0226%,0.0389%,0.0334%,0.0692%,0.0431%,0.0386%,0.0499%,0.0325%,0.0449%,0.0264%,0.1216%,0.0421%,0.1267%,0.0443%,0.0405%,0.0432%,0.0357%,0.0334%,0.0617%,0.0401%,0.0336%,0.0430%,0.0310%,0.0299%,0.0365%,0.0410%,0.0288%,0.0432%,0.0383%,0.0280%,0.0283%,0.0562%,0.0335%,0.0447%,0.0359%,0.0328%,0.0347%,0.0221%,0.0417%,0.0361%,0.0285%,0.0293%,0.0370%,0.0422%,1.9616%,0.0317%,0.1332%,0.0389%,0.0342%,0.0397%,0.0319%,0.0395%,0.0628%,0.0319%,0.0402%,0.0326%,0.0337%,0.0353%,0.0250%,0.0256%,0.0344%,0.0623%,0.0396%,0.0305%,0.0204%,0.0177%,0.0250%,0.0339%,0.0257%,0.0391%,0.0278%,0.0264%,0.0242%,0.0552%,0.0197%,0.0134%,0.0108%,0.0273%,0.0308%,0.0180%,0.0344%,0.0344%,0.0314%,0.0339%,0.0428%,0.0288%,0.0313%,0.0668%,0.0359%,0.0287%,0.0331%,0.0259%,0.0431%,0.0139%,0.0298%,0.0370%,0.0193%,0.0339%,0.0263%,0.0335%,0.0202%,0.0292%,0.0383%,0.0200%,0.0236%,0.0267%,0.0229%,0.0135%,0.0360%,0.0200%,0.0317%,0.0486%,0.0270%,0.0247%,0.0193%,0.0285%,0.0107%,0.0303%,0.0333%,0.0399%,0.0264%,0.0194%,0.0200%,0.0348%,0.0267%,0.0305%,0.0262%,0.0401%,0.0419%,0.0517%,0.0186%,0.0300%,0.0306%,0.0242%,0.0212%,0.0607%,0.0299%,0.0351%,0.0292%,0.0185%,0.0298%,0.0214%,0.0293%,0.0270%,0.0480%,0.0334%,0.0277%,0.0307%,0.0376%,0.0349%,0.0235%
20,transcribed_unitary_pseudogene,0.0588%,0.0492%,0.0420%,0.0573%,0.0539%,0.0437%,0.0399%,0.0338%,0.0435%,0.0586%,0.0439%,0.0439%,0.0411%,0.0258%,0.0288%,0.0411%,0.0420%,0.0246%,0.0536%,0.0564%,0.0429%,0.0491%,0.0410%,0.0368%,0.0373%,0.0257%,0.0692%,0.0421%,0.0633%,0.0355%,0.0413%,0.0586%,0.0395%,0.0298%,0.0546%,0.0370%,0.0338%,0.0406%,0.0658%,0.0367%,0.0502%,0.0374%,0.0408%,0.0713%,0.0310%,0.0695%,0.0313%,0.0331%,0.1124%,0.0506%,0.0422%,0.0510%,0.0896%,0.0551%,0.0429%,0.0387%,0.0298%,0.0206%,0.0440%,0.0284%,0.0493%,0.0517%,0.0467%,0.0354%,3.1402%,0.0672%,0.0422%,0.0511%,0.0327%,0.0544%,0.0700%,0.0014%,0.0621%,0.0329%,0.1204%,0.0342%,0.0392%,0.0356%,0.0412%,0.0368%,0.0496%,0.0779%,0.0499%,0.1254%,0.0362%,0.0666%,0.0613%,0.0420%,0.0697%,0.1187%,0.0536%,0.0433%,0.0446%,0.0000%,0.0316%,0.0369%,0.0286%,0.0691%,0.0462%,0.0572%,0.0504%,0.0627%,0.0395%,0.0312%,0.0320%,0.0208%,0.0362%,0.0596%,0.0272%,0.0678%,0.0301%,0.0454%,0.0621%,0.0373%,0.0387%,0.1461%,0.0524%,0.0930%,0.0435%,0.0617%,0.0601%,0.0496%,0.0315%,0.0508%,0.0756%,0.0660%,0.0677%,0.0301%,0.0370%,0.0272%,0.1046%,0.0615%,0.0502%,0.0521%,0.0660%,0.0449%,0.0467%,0.0695%,0.0275%,0.0429%,0.0277%,0.0663%,0.0502%,0.0543%,0.0726%,0.0499%,0.1179%,0.0261%,0.0297%,0.0423%,0.0588%,0.0412%,0.0625%,0.0343%,0.0403%,0.0226%,0.0408%,0.0568%,0.0428%,0.0291%,0.0428%,0.0688%,0.0369%,0.0690%,0.0788%,0.0341%,0.0535%,0.0546%,0.0294%,0.0481%,0.0367%,0.0287%,0.0354%,0.0737%,0.0565%,0.0698%,0.0331%,0.0927%,0.0250%,0.0408%,0.0404%,0.0587%,0.0156%,0.0405%,0.0291%,0.0667%,0.0350%,0.0546%,0.0464%,0.0799%,0.0490%,0.0386%,0.0312%,0.0510%,0.0506%,0.0312%,0.0740%,0.0415%,0.0461%,0.0414%,0.0295%,0.0317%,0.0536%,0.0484%,0.0466%,0.0522%,0.0618%,0.0609%,0.0615%,0.0905%,0.0472%,0.0281%,0.0443%,0.0576%,0.0551%,0.0710%,0.0425%,0.0532%,0.0317%,0.0335%,0.1016%,0.0224%
21,transcribed_unprocessed_pseudogene,0.0545%,0.0785%,0.0835%,0.0795%,0.0737%,0.0706%,0.0802%,0.0490%,0.0941%,0.0891%,0.0813%,0.0729%,0.0660%,0.1028%,0.0726%,0.0625%,0.0750%,0.0624%,0.0858%,0.0979%,0.0604%,0.1032%,0.0679%,0.0543%,0.0730%,0.0736%,0.0929%,0.0938%,0.0752%,0.0767%,0.0692%,0.0751%,0.0814%,0.0925%,0.0785%,0.0819%,0.0749%,0.0750%,0.0522%,0.0654%,0.0703%,0.0948%,0.1214%,0.1043%,0.1088%,0.0694%,0.0996%,0.0794%,0.0990%,0.1058%,0.0729%,0.1305%,0.1110%,0.0788%,0.0667%,0.0722%,0.1014%,0.0893%,0.0910%,0.0660%,0.0753%,0.0883%,0.0923%,0.1329%,0.1004%,0.0929%,0.0815%,0.1086%,0.0871%,0.1481%,0.0737%,0.0000%,0.0949%,0.0797%,0.1400%,0.1415%,0.1083%,0.1305%,0.0750%,0.0862%,0.0599%,0.2201%,0.0933%,0.2184%,0.0599%,0.0924%,0.1210%,0.1131%,0.0684%,0.1424%,0.0835%,0.0906%,0.1052%,0.0531%,0.0742%,0.0922%,0.0923%,0.0670%,0.0921%,0.1079%,0.0787%,0.0731%,0.1894%,0.0769%,0.1694%,0.0750%,0.0701%,0.1286%,0.0842%,0.0758%,0.0882%,0.0751%,0.0966%,0.0936%,0.0735%,0.2713%,0.0998%,0.3032%,0.1566%,0.0835%,0.0963%,0.0991%,0.0875%,0.1288%,0.0837%,0.1100%,0.0945%,0.0657%,0.0788%,0.0597%,0.0593%,0.0978%,0.1496%,0.0865%,0.1001%,0.0702%,0.0688%,0.0757%,0.0599%,0.1083%,0.0980%,0.0679%,0.0533%,0.0670%,0.1193%,0.0708%,0.0848%,0.0740%,0.1098%,0.0663%,0.0884%,0.0785%,0.0963%,0.1070%,0.0818%,0.0606%,0.0623%,0.0823%,0.1518%,0.1194%,0.0694%,0.0834%,0.0689%,0.1284%,0.0659%,0.0690%,0.0711%,0.0706%,0.0724%,0.0528%,0.0775%,0.0711%,0.0757%,0.0850%,0.0688%,0.0597%,0.0664%,0.0766%,0.0762%,0.1034%,0.0762%,0.1280%,0.1602%,0.0944%,0.0840%,0.0633%,0.1250%,0.1005%,0.0526%,0.0771%,0.0780%,0.0609%,0.0675%,0.0829%,0.0932%,0.0746%,0.0825%,0.0665%,0.1218%,0.0830%,0.1531%,0.0600%,0.0831%,0.0901%,0.0708%,0.0600%,0.0867%,0.0619%,0.1158%,0.0688%,0.0660%,0.0818%,0.0789%,0.0661%,0.0561%,0.0976%,0.0809%,0.0706%,0.0678%,0.0865%,0.0917%,0.1105%
22,translated_unprocessed_pseudogene,0.0000%,0.0000%,0.0000%,0.0000%,0.0000%,0.0000%,0.0000%,0.0000%,0.0000%,0.0001%,0.0000%,0.0000%,0.0000%,0.0001%,0.0000%,0.0002%,0.0000%,0.0000%,0.0000%,0.0000%,0.0000%,0.0000%,0.0000%,0.0000%,0.0000%,0.0000%,0.0000%,0.0000%,0.0000%,0.0001%,0.0000%,0.0000%,0.0001%,0.0000%,0.0000%,0.0000%,0.0000%,0.0000%,0.0000%,0.0000%,0.0000%,0.0001%,0.0000%,0.0000%,0.0000%,0.0001%,0.0000%,0.0000%,0.0000%,0.0000%,0.0004%,0.0000%,0.0000%,0.0000%,0.0000%,0.0000%,0.0002%,0.0000%,0.0000%,0.0000%,0.0000%,0.0000%,0.0001%,0.0003%,0.0000%,0.0000%,0.0000%,0.0001%,0.0000%,0.0000%,0.0000%,0.0000%,0.0000%,0.0001%,0.0000%,0.0000%,0.0000%,0.0000%,0.0000%,0.0000%,0.0000%,0.0000%,0.0000%,0.0000%,0.0000%,0.0000%,0.0000%,0.0003%,0.0000%,0.0000%,0.0000%,0.0000%,0.0000%,0.0000%,0.0002%,0.0000%,0.0001%,0.0003%,0.0000%,0.0002%,0.0002%,0.0000%,0.0000%,0.0000%,0.0000%,0.0000%,0.0000%,0.0003%,0.0002%,0.0000%,0.0000%,0.0000%,0.0003%,0.0000%,0.0000%,0.0000%,0.0005%,0.0000%,0.0001%,0.0002%,0.0001%,0.0000%,0.0000%,0.0000%,0.0000%,0.0001%,0.0000%,0.0000%,0.0000%,0.0003%,0.0000%,0.0002%,0.0000%,0.0000%,0.0000%,0.0000%,0.0000%,0.0000%,0.0000%,0.0000%,0.0000%,0.0000%,0.0000%,0.0000%,0.0004%,0.0000%,0.0004%,0.0002%,0.0002%,0.0000%,0.0000%,0.0000%,0.0000%,0.0000%,0.0003%,0.0000%,0.0013%,0.0000%,0.0000%,0.0000%,0.0000%,0.0000%,0.0000%,0.0000%,0.0000%,0.0000%,0.0000%,0.0000%,0.0000%,0.0000%,0.0000%,0.0000%,0.0000%,0.0000%,0.0000%,0.0002%,0.0000%,0.0003%,0.0000%,0.0000%,0.0000%,0.0000%,0.0000%,0.0000%,0.0000%,0.0000%,0.0000%,0.0000%,0.0000%,0.0002%,0.0000%,0.0000%,0.0000%,0.0000%,0.0000%,0.0000%,0.0000%,0.0000%,0.0001%,0.0000%,0.0000%,0.0000%,0.0000%,0.0000%,0.0000%,0.0000%,0.0000%,0.0000%,0.0000%,0.0000%,0.0000%,0.0000%,0.0000%,0.0000%,0.0000%,0.0000%,0.0000%,0.0000%,0.0000%,0.0002%,0.0000%,0.0001%
23,unitary_pseudogene,0.0000%,0.0000%,0.0000%,0.0000%,0.0000%,0.0000%,0.0000%,0.0000%,0.0000%,0.0000%,0.0000%,0.0000%,0.0000%,0.0000%,0.0000%,0.0000%,0.0001%,0.0000%,0.0001%,0.0001%,0.0000%,0.0001%,0.0000%,0.0004%,0.0000%,0.0000%,0.0000%,0.0001%,0.0000%,0.0000%,0.0001%,0.0000%,0.0000%,0.0000%,0.0000%,0.0000%,0.0000%,0.0000%,0.0000%,0.0011%,0.0001%,0.0000%,0.0001%,0.0003%,0.0001%,0.0000%,0.0000%,0.0009%,0.0000%,0.0000%,0.0000%,0.0000%,0.0000%,0.0000%,0.0004%,0.0001%,0.0002%,0.0000%,0.0000%,0.0000%,0.0002%,0.0000%,0.0001%,0.0004%,0.0287%,0.0000%,0.0000%,0.0001%,0.0002%,0.0000%,0.0000%,0.0000%,0.0000%,0.0004%,0.0000%,0.0002%,0.0000%,0.0000%,0.0005%,0.0003%,0.0000%,0.0001%,0.0000%,0.0001%,0.0001%,0.0003%,0.0001%,0.0000%,0.0000%,0.0007%,0.0000%,0.0000%,0.0000%,0.0020%,0.0000%,0.0000%,0.0000%,0.0000%,0.0000%,0.0033%,0.0000%,0.0003%,0.0000%,0.0008%,0.0031%,0.0000%,0.0000%,0.0000%,0.0005%,0.0000%,0.0000%,0.0000%,0.0000%,0.0000%,0.0000%,0.0000%,0.0000%,0.0004%,0.0003%,0.0001%,0.0000%,0.0006%,0.0010%,0.0001%,0.0000%,0.0000%,0.0000%,0.0000%,0.0000%,0.0000%,0.0000%,0.0001%,0.0002%,0.0000%,0.0000%,0.0015%,0.0000%,0.0000%,0.0000%,0.0004%,0.0006%,0.0000%,0.0000%,0.0000%,0.0000%,0.0004%,0.0000%,0.0000%,0.0000%,0.0000%,0.0000%,0.0000%,0.0000%,0.0001%,0.0000%,0.0000%,0.0000%,0.0000%,0.0006%,0.0006%,0.0000%,0.0003%,0.0000%,0.0007%,0.0002%,0.0000%,0.0000%,0.0000%,0.0004%,0.0000%,0.0000%,0.0000%,0.0000%,0.0000%,0.0000%,0.0000%,0.0000%,0.0000%,0.0000%,0.0000%,0.0000%,0.0000%,0.0000%,0.0000%,0.0000%,0.0020%,0.0000%,0.0000%,0.0000%,0.0010%,0.0010%,0.0000%,0.0000%,0.0000%,0.0000%,0.0000%,0.0000%,0.0000%,0.0001%,0.0000%,0.0000%,0.0004%,0.0011%,0.0000%,0.0000%,0.0000%,0.0000%,0.0000%,0.0000%,0.0000%,0.0000%,0.0000%,0.0004%,0.0004%,0.0021%,0.0000%,0.0000%,0.0000%,0.0000%,0.0000%,0.0000%,0.0000%
24,unknow,0.1139%,0.1294%,0.1216%,0.1259%,0.1254%,0.1347%,0.1201%,0.1044%,0.1225%,0.1519%,0.1055%,0.1286%,0.1365%,0.1169%,0.1153%,0.1068%,0.1396%,0.1152%,0.1326%,0.1300%,0.1163%,0.1358%,0.0989%,0.1008%,0.1326%,0.1285%,0.1306%,0.1381%,0.1312%,0.1186%,0.1175%,0.1352%,0.1211%,0.1370%,0.1226%,0.1285%,0.1443%,0.1401%,0.1260%,0.1140%,0.1376%,0.1516%,0.2634%,0.2246%,0.4256%,0.1584%,0.1785%,0.1565%,0.1570%,0.2213%,0.1713%,0.2071%,0.2229%,0.1739%,0.1689%,0.1606%,0.1662%,0.2343%,0.1358%,0.1584%,0.1793%,0.1787%,0.1699%,0.3009%,2.5954%,0.1872%,0.1617%,0.2384%,0.1577%,0.2352%,0.1668%,0.3992%,0.1792%,0.1844%,0.2586%,0.4144%,0.2137%,0.2673%,0.1656%,0.2403%,0.1872%,0.5792%,0.2001%,0.7266%,0.1816%,0.1593%,0.2745%,0.2139%,0.1815%,0.2372%,0.1662%,0.1751%,0.1769%,0.1116%,0.1676%,0.1965%,0.1879%,0.1858%,0.1750%,0.2011%,0.2114%,0.1739%,0.4049%,0.1755%,0.4962%,0.1431%,0.1368%,0.2082%,0.1584%,0.1560%,0.2215%,0.1890%,0.1997%,0.2103%,0.1536%,2.6294%,0.2687%,0.7434%,0.1937%,0.1710%,0.1742%,0.2273%,0.2065%,0.2513%,0.1610%,0.2363%,0.1991%,0.2181%,0.1581%,0.1482%,0.1461%,0.1733%,0.3114%,0.1892%,0.1940%,0.1858%,0.1708%,0.1699%,0.2184%,0.2490%,0.1909%,0.2162%,0.1303%,0.1650%,0.1902%,0.1888%,0.1876%,0.1874%,0.2100%,0.1560%,0.1776%,0.1592%,0.2150%,0.1572%,0.1659%,0.1834%,0.1707%,0.1741%,0.3199%,0.2866%,0.1629%,0.1573%,0.1563%,0.1996%,0.1786%,0.1814%,0.1807%,0.1512%,0.1437%,0.1733%,0.1757%,0.1748%,0.2352%,0.1696%,0.1473%,0.1387%,0.1247%,0.1761%,0.1882%,0.2091%,0.1859%,0.3555%,0.3626%,0.1844%,0.2289%,0.1960%,0.1998%,0.1548%,0.2287%,0.1918%,0.1711%,0.1351%,0.1456%,0.2018%,0.1817%,0.1604%,0.2168%,0.1579%,0.2307%,0.1877%,0.3515%,0.1810%,0.1822%,0.1992%,0.1648%,0.1721%,0.2229%,0.1813%,0.2751%,0.1538%,0.1235%,0.1800%,0.1893%,0.2180%,0.1621%,0.1842%,0.1362%,0.1784%,0.1996%,0.1867%,0.1788%,0.1481%
25,unprocessed_pseudogene,0.1117%,0.1556%,0.1154%,0.1126%,0.1359%,0.1262%,0.1548%,0.1588%,0.1624%,0.1301%,0.1220%,0.1684%,0.1469%,0.1045%,0.1239%,0.1692%,0.1473%,0.1696%,0.1367%,0.1122%,0.1278%,0.1426%,0.1332%,0.1811%,0.1816%,0.1707%,0.1631%,0.1215%,0.1119%,0.1454%,0.1078%,0.0993%,0.1236%,0.1565%,0.1380%,0.1618%,0.1991%,0.1348%,0.2004%,0.1815%,0.1707%,0.1891%,0.1099%,0.2487%,0.0654%,0.2029%,0.2994%,0.2628%,0.1555%,0.1215%,0.2633%,0.1709%,0.2168%,0.2266%,0.1968%,0.3049%,0.1508%,0.2079%,0.1872%,0.2303%,0.2403%,0.1345%,0.1021%,0.1933%,0.3872%,0.1849%,0.3051%,0.1937%,0.2312%,0.1218%,0.1442%,0.0729%,0.2069%,0.1837%,0.1005%,0.1396%,0.2572%,0.1041%,0.3766%,0.2171%,0.1338%,0.0956%,0.1211%,0.0553%,0.1606%,0.1219%,0.0887%,0.0996%,0.1295%,0.0489%,0.1436%,0.1423%,0.1734%,0.0922%,0.2161%,0.1504%,0.2116%,0.1617%,0.1606%,0.1965%,0.1615%,0.3007%,0.1223%,0.2436%,0.0401%,0.4116%,0.1512%,0.2037%,0.2501%,0.1727%,0.1577%,0.1798%,0.1500%,0.1554%,0.1781%,0.6886%,0.1087%,0.0297%,0.0502%,0.1752%,0.1395%,0.2548%,0.2353%,0.1633%,0.2129%,0.2579%,0.1755%,0.3389%,0.1570%,0.1612%,0.2063%,0.1402%,0.0824%,0.1524%,0.1742%,0.1870%,0.2198%,0.1623%,0.2526%,0.2406%,0.2058%,0.2672%,0.1532%,0.1955%,0.0944%,0.2550%,0.3129%,0.1813%,0.1796%,0.1983%,0.1704%,0.1211%,0.1956%,0.1548%,0.1503%,0.1519%,0.2611%,0.1321%,0.1471%,0.2258%,0.1801%,0.0831%,0.2383%,0.1011%,0.1236%,0.1798%,0.1365%,0.1484%,0.1826%,0.1913%,0.1749%,0.1457%,0.1756%,0.0964%,0.1469%,0.1851%,0.2174%,0.1788%,0.1114%,0.1590%,0.1297%,0.1557%,0.1812%,0.1124%,0.1586%,0.1773%,0.2344%,0.1959%,0.2136%,0.1832%,0.1530%,0.2082%,0.1850%,0.2099%,0.2460%,0.1314%,0.1594%,0.2009%,0.1999%,0.1192%,0.0374%,0.1710%,0.1795%,0.1545%,0.1564%,0.1886%,0.1039%,0.1514%,0.0895%,0.2162%,0.1625%,0.2174%,0.0969%,0.1956%,0.1434%,0.1716%,0.1602%,0.1697%,0.2264%,0.1734%,0.1563%,0.1830%
